geo_area,nature,units,year,en_wbe_ndwtl
20,c,kmsq,2017,4.5159
40,c,kmsq,2017,955.4
72,c,kmsq,2017,12910.1
108,c,kmsq,2017,117993
204,c,kmsq,2017,59051
233,c,kmsq,2017,4030.481549
246,c,kmsq,2017,32650
388,c,kmsq,2017,134.78529
422,c,kmsq,2017,6255
428,c,kmsq,2017,1660
458,c,kmsq,2017,3591.75
528,c,kmsq,2017,573.4
604,c,kmsq,2017,83.5
616,c,kmsq,2017,1109.88
642,c,kmsq,2017,3156.8
705,c,kmsq,2017,351.245042
710,c,kmsq,2017,56227.811671
894,c,kmsq,2017,40305
