geo_area,year,en_wbe_ndqtrvr
20,2017,11.8
40,2017,78384
108,2017,11466.33192
204,2017,999999999999999
233,2017,3962.273143
242,2017,83468314.8144
246,2017,3484795613184
388,2017,0.000091
392,2017,2144290320000
422,2017,37906272000
428,2017,24509
458,2017,14477831019360
504,2017,18340
584,2017,0
616,2017,1672483062240
705,2017,36026
710,2017,5637504894.1199999
729,2017,84000000000
756,2017,1403.4
