geo_area,year,en_wbe_ndqttot
20,2017,11.8
40,2017,178841.4
108,2017,1498771.182
204,2017,1000000000000000
233,2017,16122.86753
242,2017,83788556.13
246,2017,3480000000000
388,2017,0.00009
392,2017,2140000000000
422,2017,37906272786
428,2017,25802.7
458,2017,14500000000000
504,2017,18340
584,2017,0.14756
616,2017,1670000000000
642,2017,10075.348
705,2017,36026
710,2017,5637506990
729,2017,178875969.8
756,2017,233643.4
807,2017,5000
894,2017,193120
