geo_area,year,er_wat_partic
1,2017,8.536589999999999
9,2017,16.66667
30,2017,0.0
34,2017,14.28571
35,2017,0.0
62,2017,10.0
143,2017,0.0
145,2017,0.0
150,2017,16.66667
199,2017,7.142860000000001
202,2017,8.0
419,2017,9.090910000000001
432,2017,13.63636
513,2017,16.66667
543,2017,16.66667
722,2017,7.142860000000001
747,2017,0.0
753,2017,0.0
