geo_area,location,year,er_wat_partic
1,notspec,2017,8.53659
9,notspec,2017,16.66667
30,notspec,2017,0
34,notspec,2017,14.28571
35,notspec,2017,0
62,notspec,2017,10
143,notspec,2017,0
145,notspec,2017,0
150,notspec,2017,16.66667
199,notspec,2017,7.14286
202,notspec,2017,8
419,notspec,2017,9.09091
432,notspec,2017,13.63636
513,notspec,2017,16.66667
543,notspec,2017,16.66667
722,notspec,2017,7.14286
747,notspec,2017,0
753,notspec,2017,0
