geo_area,year,en_wbe_ndqtgrw
40,2015,80955
242,2016,0.01698
392,2015,2065
428,2016,343.7
584,2017,0.02869
642,2016,9600
729,2018,12000000000000
