geo_area,year,en_wbe_ndwtl
20,2016,4.5159
40,2015,955.4
72,2016,12910.1
233,2013,4030.48155
246,2012,32650.0
428,2012,1660.0
458,2016,3591.75
528,2015,573.4
604,2017,83.5
616,2016,1109.88
642,2016,3156.8
705,2016,351.24504
710,2016,56227.81167
894,2017,40305.0
